time,cosinuss,garmin,polar,firstbeat
90,76.0,86.0,79.0,77.0
91,79.0,88.0,79.0,77.0
92,79.0,88.0,78.0,77.0
93,80.0,89.0,77.0,77.0
94,80.0,89.0,77.0,78.0
95,79.0,90.0,76.0,78.0
96,79.0,90.0,76.0,78.0
97,76.0,90.0,76.0,79.0
98,76.0,90.0,76.0,79.0
99,75.0,91.0,76.0,79.0
100,75.0,91.0,79.0,79.0
101,75.0,94.0,79.0,80.0
102,75.0,94.0,79.0,80.0
103,80.0,93.0,79.0,81.0
104,80.0,92.0,81.0,82.0
105,80.0,92.0,81.0,82.0
106,80.0,92.0,83.0,83.0
107,81.0,92.0,84.0,84.0
108,81.0,92.0,85.0,85.0
109,82.0,94.0,85.0,85.0
110,82.0,95.0,85.0,86.0
111,81.0,95.0,86.0,87.0
112,81.0,96.0,88.0,88.0
113,81.0,96.0,89.0,89.0
114,81.0,96.0,92.0,90.0
115,81.0,95.0,92.0,91.0
116,81.0,92.0,92.0,91.0
117,81.0,91.0,92.0,92.0
118,81.0,89.0,90.0,93.0
119,81.0,88.0,88.0,93.0
120,81.0,87.0,87.0,94.0
121,81.0,86.0,87.0,95.0
122,81.0,87.0,88.0,96.0
123,81.0,89.0,90.0,95.0
124,81.0,90.0,90.0,94.0
125,78.0,91.0,90.0,92.0
126,78.0,91.0,89.0,91.0
127,75.0,93.0,87.0,90.0
128,75.0,93.0,86.0,88.0
129,75.0,94.0,85.0,87.0
130,75.0,94.0,85.0,86.0
131,71.0,94.0,85.0,84.0
132,71.0,94.0,86.0,83.0
133,62.0,94.0,87.0,82.0
134,62.0,94.0,87.0,83.0
135,63.0,94.0,87.0,83.0
136,63.0,94.0,87.0,84.0
137,62.0,95.0,85.0,85.0
138,62.0,95.0,86.0,85.0
139,62.0,94.0,86.0,86.0
140,62.0,94.0,87.0,86.0
141,62.0,94.0,88.0,87.0
142,62.0,94.0,90.0,87.0
143,61.0,95.0,90.0,88.0
144,61.0,95.0,91.0,89.0
145,73.0,96.0,92.0,90.0
146,73.0,97.0,93.0,90.0
147,64.0,97.0,93.0,91.0
148,64.0,97.0,93.0,91.0
149,60.0,96.0,93.0,92.0
150,60.0,95.0,93.0,93.0
151,61.0,93.0,94.0,93.0
152,61.0,92.0,94.0,94.0
153,63.0,91.0,94.0,94.0
154,63.0,91.0,94.0,95.0
155,82.0,91.0,94.0,95.0
156,82.0,91.0,95.0,95.0
157,90.0,91.0,95.0,95.0
158,90.0,91.0,95.0,95.0
159,92.0,92.0,96.0,95.0
160,92.0,93.0,97.0,95.0
161,93.0,93.0,97.0,95.0
162,93.0,93.0,96.0,95.0
163,95.0,94.0,94.0,95.0
164,95.0,94.0,94.0,95.0
165,94.0,94.0,93.0,94.0
166,94.0,95.0,93.0,94.0
167,92.0,95.0,94.0,93.0
168,92.0,95.0,93.0,93.0
169,90.0,95.0,93.0,93.0
170,90.0,94.0,92.0,92.0
171,92.0,94.0,91.0,92.0
172,92.0,94.0,92.0,91.0
173,91.0,89.0,92.0,91.0
174,91.0,89.0,93.0,91.0
175,89.0,89.0,93.0,91.0
176,89.0,89.0,94.0,91.0
177,92.0,90.0,95.0,91.0
178,92.0,90.0,94.0,90.0
179,94.0,90.0,93.0,90.0
180,94.0,91.0,91.0,90.0
181,94.0,92.0,90.0,90.0
182,94.0,92.0,90.0,90.0
183,89.0,93.0,91.0,90.0
184,89.0,93.0,91.0,91.0
185,88.0,93.0,90.0,91.0
186,88.0,94.0,90.0,91.0
187,90.0,94.0,89.0,92.0
188,90.0,94.0,89.0,92.0
189,89.0,94.0,88.0,93.0
190,89.0,94.0,89.0,93.0
191,85.0,94.0,90.0,93.0
192,85.0,95.0,91.0,94.0
193,87.0,95.0,93.0,94.0
194,87.0,95.0,94.0,94.0
195,93.0,98.0,95.0,95.0
196,93.0,98.0,95.0,95.0
197,95.0,96.0,95.0,95.0
198,95.0,97.0,95.0,95.0
199,96.0,97.0,95.0,95.0
200,96.0,97.0,95.0,95.0
201,96.0,97.0,95.0,95.0
202,96.0,97.0,95.0,95.0
203,95.0,97.0,95.0,95.0
204,95.0,97.0,96.0,95.0
205,95.0,97.0,96.0,95.0
206,95.0,95.0,97.0,95.0
207,96.0,94.0,99.0,95.0
208,96.0,93.0,99.0,95.0
209,97.0,90.0,98.0,94.0
210,97.0,90.0,98.0,94.0
211,99.0,89.0,96.0,94.0
212,99.0,89.0,95.0,94.0
213,97.0,89.0,94.0,93.0
214,97.0,89.0,93.0,93.0
215,93.0,90.0,93.0,93.0
216,93.0,90.0,93.0,92.0
217,91.0,90.0,94.0,92.0
218,91.0,90.0,94.0,91.0
219,92.0,90.0,93.0,91.0
220,92.0,90.0,92.0,91.0
221,92.0,90.0,91.0,90.0
222,92.0,90.0,90.0,90.0
223,88.0,91.0,89.0,89.0
224,88.0,92.0,90.0,90.0
225,87.0,94.0,90.0,90.0
226,87.0,94.0,91.0,90.0
227,87.0,94.0,92.0,90.0
228,87.0,94.0,92.0,90.0
229,90.0,94.0,92.0,90.0
230,90.0,93.0,90.0,90.0
231,92.0,91.0,90.0,90.0
232,92.0,90.0,90.0,90.0
233,91.0,90.0,89.0,90.0
234,91.0,89.0,90.0,90.0
235,90.0,89.0,91.0,90.0
236,90.0,90.0,91.0,91.0
237,90.0,91.0,92.0,91.0
238,90.0,91.0,93.0,91.0
239,91.0,92.0,94.0,91.0
240,91.0,92.0,94.0,92.0
241,93.0,92.0,94.0,92.0
242,93.0,93.0,93.0,92.0
243,94.0,93.0,91.0,92.0
244,94.0,94.0,90.0,92.0
245,93.0,94.0,89.0,92.0
246,93.0,94.0,89.0,92.0
247,90.0,95.0,89.0,92.0
248,90.0,95.0,90.0,92.0
249,88.0,95.0,92.0,92.0
250,88.0,95.0,93.0,92.0
251,89.0,96.0,94.0,92.0
252,89.0,96.0,94.0,92.0
253,94.0,99.0,95.0,93.0
254,94.0,98.0,94.0,93.0
255,95.0,97.0,94.0,93.0
256,95.0,96.0,94.0,94.0
257,95.0,94.0,94.0,94.0
258,95.0,94.0,94.0,94.0
259,95.0,94.0,95.0,95.0
260,95.0,94.0,96.0,95.0
261,93.0,93.0,96.0,95.0
262,93.0,93.0,96.0,96.0
263,92.0,93.0,97.0,96.0
264,92.0,94.0,97.0,95.0
265,92.0,94.0,98.0,95.0
266,92.0,94.0,98.0,95.0
267,92.0,94.0,97.0,95.0
268,92.0,94.0,97.0,95.0
269,94.0,93.0,96.0,94.0
270,94.0,91.0,96.0,94.0
271,95.0,90.0,95.0,94.0
272,95.0,90.0,94.0,94.0
273,95.0,90.0,93.0,93.0
274,95.0,90.0,92.0,93.0
275,95.0,90.0,92.0,93.0
276,95.0,90.0,92.0,93.0
277,93.0,90.0,92.0,93.0
278,93.0,90.0,94.0,93.0
279,91.0,90.0,94.0,92.0
280,91.0,90.0,94.0,92.0
281,92.0,89.0,94.0,92.0
282,92.0,90.0,92.0,92.0
283,92.0,90.0,92.0,92.0
284,92.0,90.0,91.0,91.0
285,90.0,90.0,91.0,91.0
286,90.0,89.0,91.0,91.0
287,89.0,89.0,91.0,91.0
288,89.0,89.0,92.0,91.0
289,89.0,89.0,92.0,91.0
290,89.0,90.0,93.0,91.0
291,92.0,90.0,93.0,91.0
292,92.0,90.0,92.0,91.0
293,93.0,90.0,91.0,91.0
294,93.0,90.0,90.0,91.0
295,92.0,91.0,90.0,90.0
296,92.0,92.0,89.0,90.0
297,89.0,93.0,89.0,90.0
298,89.0,94.0,90.0,90.0
299,88.0,94.0,90.0,90.0
300,88.0,94.0,90.0,90.0
301,89.0,94.0,91.0,90.0
302,89.0,94.0,91.0,90.0
303,91.0,95.0,91.0,90.0
304,91.0,95.0,90.0,90.0
305,91.0,95.0,90.0,90.0
306,91.0,95.0,91.0,91.0
307,90.0,95.0,91.0,91.0
308,90.0,95.0,92.0,91.0
309,90.0,95.0,93.0,92.0
310,90.0,95.0,93.0,92.0
311,91.0,95.0,93.0,92.0
312,91.0,95.0,93.0,93.0
313,93.0,95.0,92.0,93.0
314,93.0,95.0,92.0,94.0
315,93.0,95.0,93.0,94.0
316,93.0,95.0,95.0,94.0
317,92.0,95.0,95.0,95.0
318,92.0,94.0,95.0,95.0
319,91.0,94.0,95.0,95.0
320,91.0,94.0,95.0,96.0
321,91.0,93.0,96.0,96.0
322,91.0,93.0,96.0,96.0
323,91.0,93.0,98.0,96.0
324,91.0,93.0,99.0,95.0
325,91.0,93.0,100.0,94.0
326,91.0,92.0,100.0,93.0
327,98.0,92.0,98.0,92.0
328,98.0,92.0,98.0,91.0
329,96.0,92.0,98.0,90.0
330,96.0,92.0,98.0,89.0
331,91.0,92.0,93.0,88.0
332,91.0,92.0,93.0,87.0
333,87.0,92.0,92.0,87.0
334,87.0,92.0,92.0,88.0
335,83.0,92.0,92.0,88.0
336,83.0,93.0,92.0,89.0
337,85.0,94.0,93.0,89.0
338,85.0,96.0,93.0,90.0
339,89.0,96.0,94.0,90.0
340,89.0,96.0,93.0,91.0
341,89.0,96.0,93.0,91.0
342,89.0,97.0,93.0,92.0
343,90.0,96.0,93.0,92.0
344,90.0,95.0,93.0,92.0
345,91.0,95.0,92.0,92.0
346,91.0,95.0,91.0,92.0
347,90.0,95.0,92.0,91.0
348,90.0,95.0,92.0,91.0
349,90.0,94.0,92.0,91.0
350,90.0,95.0,90.0,91.0
351,90.0,96.0,90.0,91.0
352,90.0,96.0,91.0,91.0
353,90.0,96.0,91.0,91.0
354,90.0,95.0,91.0,91.0
355,90.0,94.0,93.0,91.0
356,90.0,95.0,94.0,91.0
357,90.0,94.0,94.0,91.0
358,90.0,94.0,94.0,91.0
359,90.0,94.0,91.0,91.0
360,90.0,94.0,91.0,91.0
361,84.0,95.0,91.0,91.0
362,84.0,96.0,92.0,92.0
363,87.0,98.0,93.0,92.0
364,87.0,98.0,94.0,92.0
365,86.0,98.0,95.0,92.0
366,86.0,98.0,95.0,93.0
367,90.0,97.0,95.0,93.0
368,90.0,97.0,94.0,93.0
369,91.0,96.0,94.0,93.0
370,91.0,96.0,93.0,93.0
371,91.0,96.0,94.0,94.0
372,91.0,96.0,94.0,94.0
373,92.0,96.0,94.0,94.0
374,92.0,96.0,95.0,95.0
375,93.0,96.0,96.0,95.0
376,93.0,96.0,97.0,95.0
377,94.0,96.0,97.0,95.0
378,94.0,96.0,98.0,95.0
379,96.0,96.0,98.0,96.0
380,96.0,95.0,97.0,96.0
381,98.0,95.0,96.0,96.0
382,98.0,95.0,96.0,96.0
383,97.0,96.0,96.0,96.0
384,97.0,96.0,97.0,96.0
385,95.0,96.0,97.0,96.0
386,95.0,96.0,97.0,96.0
387,96.0,96.0,97.0,96.0
388,96.0,96.0,97.0,96.0
389,96.0,96.0,96.0,96.0
390,96.0,96.0,96.0,96.0
391,97.0,96.0,96.0,96.0
392,97.0,96.0,96.0,96.0
393,97.0,96.0,96.0,96.0
394,97.0,96.0,96.0,96.0
395,97.0,96.0,96.0,96.0
396,97.0,96.0,96.0,96.0
397,96.0,96.0,96.0,96.0
398,96.0,96.0,96.0,96.0
399,96.0,96.0,96.0,96.0
400,96.0,96.0,96.0,96.0
401,96.0,96.0,97.0,96.0
402,96.0,96.0,97.0,96.0
403,96.0,96.0,97.0,96.0
404,96.0,96.0,97.0,96.0
405,97.0,96.0,96.0,96.0
406,97.0,96.0,96.0,96.0
407,96.0,96.0,96.0,96.0
408,96.0,96.0,96.0,96.0
409,94.0,96.0,97.0,96.0
410,94.0,96.0,97.0,97.0
411,95.0,96.0,97.0,97.0
412,95.0,96.0,98.0,97.0
413,95.0,96.0,98.0,96.0
414,95.0,96.0,98.0,96.0
415,94.0,96.0,98.0,95.0
416,94.0,95.0,98.0,95.0
417,97.0,95.0,99.0,95.0
418,97.0,95.0,99.0,94.0
419,99.0,95.0,99.0,94.0
420,99.0,94.0,99.0,93.0
421,98.0,94.0,97.0,93.0
422,98.0,93.0,95.0,92.0
423,92.0,93.0,93.0,92.0
424,92.0,93.0,92.0,91.0
425,88.0,92.0,93.0,90.0
426,88.0,92.0,94.0,90.0
427,88.0,92.0,95.0,89.0
428,88.0,92.0,94.0,89.0
429,89.0,92.0,94.0,88.0
430,89.0,93.0,94.0,88.0
431,88.0,93.0,94.0,87.0
432,88.0,93.0,94.0,87.0
433,84.0,93.0,89.0,86.0
434,84.0,93.0,89.0,86.0
435,75.0,92.0,87.0,86.0
436,75.0,92.0,88.0,86.0
437,75.0,92.0,89.0,86.0
438,75.0,92.0,91.0,86.0
439,71.0,92.0,91.0,86.0
440,71.0,92.0,91.0,86.0
441,69.0,92.0,91.0,86.0
442,69.0,92.0,89.0,86.0
443,68.0,92.0,88.0,86.0
444,68.0,92.0,87.0,86.0
445,77.0,92.0,86.0,86.0
446,77.0,92.0,86.0,86.0
447,79.0,92.0,85.0,86.0
448,79.0,92.0,84.0,86.0
449,81.0,91.0,84.0,86.0
450,81.0,91.0,85.0,86.0
451,80.0,90.0,86.0,86.0
452,80.0,90.0,88.0,86.0
453,78.0,89.0,91.0,85.0
454,78.0,88.0,93.0,83.0
455,77.0,88.0,94.0,82.0
456,77.0,87.0,94.0,81.0
457,77.0,87.0,94.0,80.0
458,77.0,86.0,94.0,79.0
459,77.0,86.0,90.0,78.0
460,77.0,86.0,87.0,77.0
461,75.0,86.0,84.0,76.0
462,75.0,89.0,84.0,75.0
463,69.0,90.0,84.0,74.0
464,69.0,90.0,84.0,74.0
465,72.0,90.0,84.0,74.0
466,72.0,90.0,83.0,74.0
467,77.0,92.0,83.0,74.0
468,77.0,92.0,83.0,75.0
469,78.0,91.0,83.0,75.0
470,78.0,90.0,80.0,75.0
471,77.0,88.0,80.0,75.0
472,77.0,88.0,81.0,75.0
473,72.0,89.0,81.0,77.0
474,72.0,91.0,82.0,78.0
475,73.0,92.0,83.0,79.0
476,73.0,91.0,84.0,81.0
477,73.0,89.0,85.0,82.0
478,73.0,89.0,85.0,83.0
479,73.0,91.0,86.0,84.0
480,73.0,91.0,87.0,86.0
481,72.0,90.0,88.0,87.0
482,72.0,90.0,91.0,88.0
483,72.0,89.0,91.0,90.0
484,72.0,89.0,91.0,90.0
485,72.0,88.0,91.0,90.0
486,72.0,89.0,90.0,90.0
487,72.0,88.0,90.0,90.0
488,72.0,88.0,90.0,90.0
489,72.0,88.0,90.0,90.0
490,72.0,87.0,91.0,90.0
491,62.0,87.0,91.0,90.0
492,62.0,87.0,91.0,90.0
493,65.0,87.0,92.0,90.0
494,65.0,87.0,92.0,90.0
495,66.0,87.0,91.0,89.0
496,66.0,87.0,90.0,89.0
497,58.0,88.0,89.0,89.0
498,58.0,87.0,89.0,88.0
499,60.0,87.0,89.0,88.0
500,60.0,88.0,88.0,88.0
501,61.0,88.0,88.0,87.0
502,61.0,88.0,88.0,87.0
503,61.0,88.0,88.0,87.0
504,61.0,89.0,87.0,87.0
505,60.0,88.0,87.0,87.0
506,60.0,88.0,87.0,87.0
507,60.0,88.0,87.0,87.0
508,60.0,88.0,87.0,87.0
509,57.0,88.0,87.0,87.0
510,57.0,89.0,89.0,87.0
511,55.0,88.0,89.0,88.0
512,55.0,89.0,89.0,88.0
513,55.0,89.0,88.0,88.0
514,55.0,88.0,88.0,88.0
515,55.0,88.0,88.0,88.0
516,55.0,90.0,88.0,88.0
517,55.0,90.0,88.0,88.0
518,55.0,91.0,89.0,88.0
519,63.0,91.0,89.0,88.0
520,63.0,91.0,88.0,88.0
521,76.0,91.0,88.0,88.0
522,76.0,91.0,87.0,88.0
523,84.0,92.0,88.0,88.0
524,84.0,92.0,88.0,88.0
525,86.0,93.0,88.0,89.0
526,86.0,93.0,89.0,89.0
527,88.0,93.0,90.0,89.0
528,88.0,93.0,90.0,90.0
529,92.0,93.0,91.0,90.0
530,92.0,92.0,91.0,90.0
531,92.0,91.0,91.0,91.0
532,92.0,91.0,91.0,91.0
533,90.0,90.0,91.0,91.0
534,90.0,89.0,91.0,92.0
535,91.0,89.0,91.0,92.0
536,91.0,88.0,92.0,92.0
537,92.0,88.0,92.0,92.0
538,92.0,88.0,92.0,92.0
539,92.0,88.0,92.0,92.0
540,92.0,89.0,92.0,93.0
541,91.0,88.0,92.0,93.0
542,91.0,88.0,93.0,93.0
543,90.0,88.0,94.0,93.0
544,90.0,88.0,95.0,92.0
545,90.0,88.0,96.0,92.0
546,90.0,87.0,96.0,92.0
547,90.0,87.0,95.0,91.0
548,90.0,88.0,93.0,91.0
549,94.0,88.0,92.0,90.0
550,94.0,86.0,90.0,90.0
551,94.0,86.0,90.0,90.0
552,94.0,87.0,90.0,89.0
553,89.0,87.0,90.0,89.0
554,89.0,87.0,90.0,89.0
555,87.0,87.0,90.0,89.0
556,87.0,87.0,89.0,89.0
557,89.0,87.0,88.0,89.0
558,89.0,87.0,88.0,88.0
559,89.0,87.0,87.0,88.0
560,89.0,88.0,87.0,88.0
561,87.0,88.0,87.0,88.0
562,87.0,88.0,88.0,88.0
563,86.0,88.0,89.0,89.0
564,86.0,90.0,89.0,90.0
565,88.0,91.0,89.0,91.0
566,88.0,90.0,89.0,92.0
567,87.0,88.0,86.0,93.0
568,87.0,88.0,86.0,94.0
569,85.0,88.0,84.0,95.0
570,85.0,88.0,85.0,96.0
571,81.0,88.0,85.0,97.0
572,81.0,89.0,85.0,97.0
573,81.0,88.0,86.0,98.0
574,81.0,87.0,87.0,97.0
575,85.0,87.0,88.0,97.0
576,85.0,85.0,88.0,96.0
577,91.0,84.0,88.0,96.0
578,91.0,84.0,88.0,95.0
579,89.0,84.0,89.0,95.0
580,89.0,84.0,89.0,94.0
581,89.0,84.0,90.0,94.0
582,89.0,84.0,91.0,93.0
583,89.0,84.0,90.0,93.0
584,89.0,84.0,90.0,92.0
585,92.0,84.0,89.0,92.0
586,92.0,84.0,88.0,92.0
587,89.0,84.0,88.0,91.0
588,89.0,84.0,87.0,91.0
589,86.0,85.0,87.0,91.0
590,86.0,85.0,86.0,90.0
591,86.0,85.0,86.0,90.0
592,86.0,85.0,86.0,90.0
593,85.0,85.0,86.0,90.0
594,85.0,86.0,87.0,90.0
595,85.0,86.0,87.0,91.0
596,85.0,86.0,87.0,91.0
597,86.0,86.0,87.0,91.0
598,86.0,86.0,88.0,92.0
599,87.0,86.0,88.0,92.0
600,87.0,86.0,88.0,93.0
601,88.0,86.0,88.0,93.0
602,88.0,86.0,89.0,93.0
603,88.0,86.0,89.0,94.0
604,88.0,86.0,90.0,94.0
605,89.0,85.0,89.0,94.0
606,89.0,85.0,89.0,94.0
607,91.0,85.0,87.0,94.0
608,91.0,85.0,87.0,94.0
609,90.0,85.0,87.0,94.0
610,90.0,85.0,87.0,95.0
611,87.0,85.0,87.0,95.0
612,87.0,85.0,87.0,95.0
613,86.0,85.0,87.0,94.0
614,86.0,85.0,88.0,93.0
615,86.0,87.0,89.0,92.0
616,86.0,88.0,89.0,92.0
617,89.0,88.0,89.0,91.0
618,89.0,88.0,88.0,90.0
619,89.0,88.0,87.0,89.0
620,89.0,88.0,86.0,88.0
621,88.0,88.0,84.0,88.0
622,88.0,88.0,84.0,87.0
623,85.0,88.0,85.0,86.0
624,85.0,88.0,85.0,87.0
625,83.0,88.0,86.0,87.0
626,83.0,87.0,87.0,87.0
627,84.0,88.0,87.0,87.0
628,84.0,88.0,88.0,88.0
629,86.0,88.0,89.0,88.0
630,86.0,88.0,89.0,88.0
631,88.0,88.0,88.0,88.0
632,88.0,88.0,88.0,89.0
633,88.0,88.0,88.0,89.0
634,88.0,88.0,89.0,90.0
635,87.0,88.0,89.0,90.0
636,87.0,88.0,89.0,90.0
637,87.0,88.0,91.0,91.0
638,87.0,88.0,92.0,91.0
639,88.0,89.0,92.0,91.0
640,88.0,89.0,92.0,92.0
641,88.0,90.0,92.0,92.0
642,88.0,90.0,92.0,93.0
643,90.0,91.0,92.0,93.0
644,90.0,91.0,94.0,94.0
645,90.0,95.0,95.0,94.0
646,90.0,100.0,96.0,94.0
647,91.0,102.0,96.0,95.0
648,91.0,105.0,96.0,95.0
649,90.0,104.0,95.0,96.0
650,90.0,108.0,96.0,96.0
651,90.0,109.0,97.0,96.0
652,90.0,109.0,100.0,97.0
653,90.0,111.0,101.0,98.0
654,90.0,110.0,103.0,99.0
655,94.0,109.0,104.0,100.0
656,94.0,109.0,105.0,101.0
657,104.0,109.0,106.0,102.0
658,104.0,109.0,107.0,103.0
659,108.0,109.0,107.0,104.0
660,108.0,109.0,108.0,105.0
661,108.0,109.0,107.0,106.0
662,108.0,110.0,107.0,107.0
663,108.0,110.0,107.0,108.0
664,108.0,111.0,107.0,109.0
665,108.0,111.0,107.0,109.0
666,108.0,112.0,108.0,110.0
667,106.0,112.0,110.0,111.0
668,106.0,113.0,111.0,111.0
669,108.0,113.0,112.0,112.0
670,108.0,113.0,113.0,112.0
671,108.0,110.0,114.0,113.0
672,108.0,114.0,115.0,114.0
673,109.0,115.0,116.0,115.0
674,109.0,120.0,117.0,116.0
675,109.0,124.0,118.0,117.0
676,109.0,125.0,119.0,117.0
677,113.0,126.0,120.0,118.0
678,113.0,128.0,121.0,119.0
679,117.0,128.0,122.0,120.0
680,117.0,126.0,123.0,121.0
681,119.0,125.0,123.0,121.0
682,119.0,124.0,123.0,122.0
683,116.0,125.0,124.0,123.0
684,116.0,126.0,124.0,123.0
685,116.0,126.0,124.0,123.0
686,116.0,125.0,124.0,123.0
687,120.0,126.0,124.0,123.0
688,120.0,128.0,124.0,124.0
689,122.0,129.0,124.0,124.0
690,122.0,128.0,124.0,124.0
691,123.0,126.0,124.0,124.0
692,123.0,127.0,125.0,124.0
693,123.0,129.0,125.0,124.0
694,123.0,129.0,125.0,124.0
695,123.0,126.0,125.0,125.0
696,123.0,125.0,125.0,125.0
697,122.0,126.0,125.0,125.0
698,122.0,126.0,126.0,125.0
699,121.0,126.0,127.0,125.0
700,121.0,126.0,127.0,126.0
701,121.0,127.0,127.0,126.0
702,121.0,127.0,127.0,126.0
703,124.0,127.0,127.0,127.0
704,124.0,128.0,127.0,127.0
705,125.0,130.0,128.0,127.0
706,125.0,129.0,128.0,127.0
707,126.0,130.0,128.0,128.0
708,126.0,130.0,128.0,128.0
709,127.0,129.0,128.0,128.0
710,127.0,132.0,129.0,128.0
711,128.0,135.0,129.0,129.0
712,128.0,136.0,130.0,129.0
713,127.0,134.0,130.0,129.0
714,127.0,137.0,131.0,130.0
715,127.0,137.0,131.0,130.0
716,127.0,136.0,131.0,130.0
717,127.0,136.0,131.0,130.0
718,127.0,135.0,131.0,130.0
719,127.0,137.0,131.0,131.0
720,127.0,137.0,131.0,131.0
721,127.0,138.0,131.0,131.0
722,127.0,141.0,132.0,131.0
723,127.0,142.0,133.0,132.0
724,127.0,142.0,133.0,132.0
725,127.0,141.0,133.0,132.0
726,127.0,141.0,134.0,133.0
727,129.0,141.0,134.0,133.0
728,129.0,140.0,134.0,133.0
729,131.0,140.0,135.0,134.0
730,131.0,140.0,135.0,134.0
731,132.0,139.0,135.0,134.0
732,132.0,139.0,135.0,135.0
733,134.0,138.0,136.0,135.0
734,134.0,138.0,136.0,135.0
735,133.0,137.0,136.0,135.0
736,133.0,133.0,136.0,135.0
737,134.0,133.0,137.0,135.0
738,134.0,133.0,136.0,135.0
739,135.0,133.0,135.0,135.0
740,135.0,133.0,135.0,135.0
741,137.0,136.0,135.0,135.0
742,137.0,136.0,135.0,135.0
743,136.0,138.0,135.0,135.0
744,136.0,138.0,135.0,135.0
745,134.0,137.0,135.0,135.0
746,134.0,137.0,135.0,134.0
747,134.0,137.0,135.0,134.0
748,134.0,137.0,135.0,134.0
749,134.0,137.0,135.0,134.0
750,134.0,136.0,135.0,134.0
751,136.0,136.0,135.0,134.0
752,136.0,136.0,134.0,134.0
753,136.0,135.0,134.0,134.0
754,136.0,135.0,134.0,134.0
755,134.0,135.0,135.0,135.0
756,134.0,135.0,135.0,135.0
757,134.0,135.0,136.0,135.0
758,134.0,135.0,136.0,135.0
759,134.0,135.0,137.0,135.0
760,134.0,135.0,137.0,135.0
761,134.0,135.0,136.0,135.0
762,134.0,135.0,136.0,135.0
763,135.0,136.0,136.0,136.0
764,135.0,137.0,135.0,135.0
765,134.0,138.0,135.0,135.0
766,134.0,138.0,135.0,135.0
767,134.0,139.0,135.0,135.0
768,134.0,138.0,135.0,135.0
769,138.0,138.0,135.0,135.0
770,138.0,138.0,135.0,135.0
771,136.0,138.0,135.0,135.0
772,136.0,138.0,136.0,135.0
773,135.0,139.0,136.0,135.0
774,135.0,142.0,137.0,135.0
775,135.0,143.0,137.0,135.0
776,135.0,143.0,137.0,136.0
777,135.0,143.0,137.0,136.0
778,135.0,143.0,137.0,136.0
779,135.0,140.0,137.0,136.0
780,135.0,138.0,137.0,136.0
781,137.0,138.0,137.0,136.0
782,137.0,138.0,137.0,137.0
783,138.0,138.0,137.0,137.0
784,138.0,137.0,138.0,137.0
785,142.0,137.0,138.0,137.0
786,142.0,138.0,138.0,137.0
787,145.0,138.0,138.0,137.0
788,145.0,139.0,138.0,137.0
789,138.0,139.0,138.0,137.0
790,138.0,139.0,138.0,137.0
791,137.0,139.0,137.0,137.0
792,137.0,139.0,138.0,137.0
793,137.0,139.0,138.0,137.0
794,137.0,139.0,138.0,137.0
795,136.0,139.0,138.0,137.0
796,136.0,138.0,138.0,137.0
797,136.0,139.0,138.0,137.0
798,136.0,139.0,138.0,138.0
799,137.0,138.0,138.0,138.0
800,137.0,139.0,138.0,138.0
801,137.0,140.0,139.0,138.0
802,137.0,141.0,138.0,138.0
803,137.0,140.0,139.0,138.0
804,137.0,140.0,138.0,138.0
805,136.0,141.0,138.0,138.0
806,136.0,141.0,139.0,138.0
807,136.0,141.0,139.0,139.0
808,136.0,141.0,139.0,139.0
809,137.0,141.0,139.0,139.0
810,137.0,141.0,140.0,139.0
811,142.0,141.0,140.0,139.0
812,142.0,140.0,140.0,139.0
813,142.0,140.0,140.0,139.0
814,142.0,139.0,140.0,140.0
815,142.0,138.0,140.0,140.0
816,142.0,138.0,140.0,140.0
817,142.0,137.0,140.0,140.0
818,142.0,137.0,140.0,140.0
819,142.0,137.0,140.0,140.0
820,142.0,136.0,140.0,140.0
821,142.0,136.0,141.0,140.0
822,142.0,136.0,141.0,140.0
823,139.0,136.0,142.0,140.0
824,139.0,135.0,142.0,140.0
825,139.0,133.0,142.0,140.0
826,139.0,134.0,143.0,140.0
827,139.0,133.0,143.0,140.0
828,139.0,133.0,143.0,139.0
829,141.0,134.0,142.0,139.0
830,141.0,134.0,140.0,139.0
831,142.0,133.0,139.0,139.0
832,142.0,132.0,139.0,139.0
833,142.0,132.0,138.0,138.0
834,142.0,133.0,136.0,137.0
835,139.0,132.0,136.0,136.0
836,139.0,131.0,135.0,135.0
837,137.0,131.0,134.0,134.0
838,137.0,131.0,134.0,133.0
839,137.0,129.0,133.0,133.0
840,137.0,127.0,131.0,132.0
841,135.0,126.0,130.0,131.0
842,135.0,126.0,129.0,130.0
843,133.0,126.0,129.0,129.0
844,133.0,125.0,129.0,129.0
845,135.0,125.0,129.0,130.0
846,135.0,124.0,130.0,130.0
847,137.0,124.0,131.0,130.0
848,137.0,118.0,132.0,130.0
849,136.0,115.0,132.0,130.0
850,136.0,115.0,132.0,130.0
851,134.0,114.0,132.0,130.0
852,134.0,113.0,131.0,130.0
853,133.0,111.0,130.0,129.0
854,133.0,109.0,128.0,128.0
855,133.0,108.0,126.0,127.0
856,133.0,108.0,124.0,126.0
857,131.0,110.0,123.0,124.0
858,131.0,109.0,121.0,123.0
859,127.0,109.0,120.0,122.0
860,127.0,109.0,120.0,121.0
861,123.0,109.0,119.0,120.0
862,123.0,109.0,119.0,118.0
863,120.0,109.0,118.0,117.0
864,120.0,109.0,117.0,116.0
865,118.0,109.0,116.0,116.0
866,118.0,109.0,115.0,115.0
867,118.0,109.0,114.0,115.0
868,118.0,109.0,114.0,114.0
869,115.0,109.0,114.0,114.0
870,115.0,109.0,114.0,113.0
871,108.0,110.0,115.0,113.0
872,108.0,110.0,114.0,112.0
873,105.0,110.0,113.0,112.0
874,105.0,110.0,111.0,111.0
875,105.0,110.0,110.0,111.0
876,105.0,110.0,109.0,111.0
877,101.0,111.0,109.0,110.0
878,101.0,113.0,109.0,110.0
879,100.0,113.0,110.0,110.0
880,100.0,115.0,111.0,110.0
881,106.0,115.0,111.0,109.0
882,106.0,115.0,111.0,109.0
883,110.0,115.0,110.0,109.0
884,110.0,115.0,109.0,109.0
885,110.0,116.0,108.0,109.0
886,110.0,119.0,107.0,108.0
887,110.0,121.0,107.0,108.0
888,110.0,121.0,107.0,108.0
889,109.0,121.0,107.0,108.0
890,109.0,121.0,108.0,108.0
891,109.0,121.0,109.0,108.0
892,109.0,121.0,110.0,108.0
893,107.0,120.0,110.0,108.0
894,107.0,120.0,111.0,109.0
895,110.0,120.0,111.0,109.0
896,110.0,120.0,112.0,110.0
897,109.0,120.0,112.0,111.0
898,109.0,119.0,112.0,111.0
899,111.0,120.0,113.0,112.0
900,111.0,120.0,113.0,112.0
901,113.0,120.0,114.0,113.0
902,113.0,120.0,115.0,113.0
903,113.0,120.0,115.0,114.0
904,113.0,119.0,115.0,115.0
905,114.0,119.0,115.0,115.0
906,114.0,119.0,116.0,115.0
907,113.0,118.0,116.0,116.0
908,113.0,119.0,116.0,116.0
909,115.0,118.0,116.0,117.0
910,115.0,118.0,117.0,117.0
911,114.0,117.0,118.0,117.0
912,114.0,116.0,119.0,118.0
913,113.0,115.0,121.0,118.0
914,113.0,114.0,121.0,118.0
915,112.0,114.0,121.0,119.0
916,112.0,114.0,121.0,119.0
917,111.0,114.0,121.0,119.0
918,111.0,114.0,120.0,119.0
919,110.0,116.0,120.0,119.0
920,110.0,119.0,120.0,119.0
921,111.0,124.0,120.0,119.0
922,111.0,126.0,120.0,119.0
923,114.0,127.0,120.0,120.0
924,114.0,127.0,120.0,120.0
925,118.0,127.0,121.0,120.0
926,118.0,127.0,121.0,120.0
927,120.0,127.0,121.0,121.0
928,120.0,127.0,121.0,121.0
929,121.0,127.0,121.0,121.0
930,121.0,127.0,121.0,121.0
931,121.0,127.0,122.0,121.0
932,121.0,127.0,122.0,122.0
933,120.0,127.0,123.0,122.0
934,120.0,127.0,124.0,123.0
935,120.0,127.0,124.0,123.0
936,120.0,127.0,125.0,123.0
937,121.0,127.0,125.0,124.0
938,121.0,128.0,125.0,124.0
939,121.0,128.0,125.0,125.0
940,121.0,131.0,126.0,125.0
941,121.0,132.0,126.0,125.0
942,121.0,131.0,127.0,126.0
943,119.0,130.0,127.0,127.0
944,119.0,129.0,127.0,127.0
945,119.0,128.0,127.0,127.0
946,119.0,128.0,128.0,128.0
947,115.0,129.0,128.0,128.0
948,115.0,128.0,129.0,128.0
949,115.0,128.0,129.0,129.0
950,115.0,129.0,130.0,129.0
951,122.0,129.0,130.0,129.0
952,122.0,129.0,131.0,130.0
953,123.0,128.0,131.0,130.0
954,123.0,128.0,132.0,130.0
955,120.0,129.0,132.0,130.0
956,120.0,130.0,131.0,130.0
957,118.0,130.0,131.0,129.0
958,118.0,130.0,130.0,129.0
959,118.0,131.0,130.0,129.0
960,118.0,131.0,129.0,129.0
961,118.0,131.0,129.0,129.0
962,118.0,131.0,129.0,129.0
963,117.0,131.0,129.0,129.0
964,117.0,131.0,129.0,129.0
965,113.0,131.0,129.0,129.0
966,113.0,131.0,130.0,129.0
967,111.0,130.0,130.0,129.0
968,111.0,131.0,130.0,129.0
969,107.0,131.0,130.0,129.0
970,107.0,131.0,130.0,129.0
971,109.0,131.0,130.0,129.0
972,109.0,132.0,130.0,130.0
973,109.0,133.0,130.0,130.0
974,109.0,133.0,130.0,130.0
975,109.0,134.0,131.0,130.0
976,109.0,135.0,131.0,130.0
977,109.0,136.0,131.0,130.0
978,109.0,136.0,131.0,130.0
979,109.0,136.0,131.0,131.0
980,109.0,135.0,131.0,131.0
981,108.0,134.0,131.0,131.0
982,108.0,134.0,132.0,131.0
983,108.0,133.0,132.0,131.0
984,108.0,133.0,132.0,132.0
985,108.0,134.0,132.0,132.0
986,108.0,135.0,133.0,132.0
987,108.0,134.0,133.0,132.0
988,108.0,134.0,134.0,132.0
989,108.0,133.0,134.0,133.0
990,108.0,133.0,134.0,133.0
991,108.0,132.0,134.0,133.0
992,108.0,132.0,134.0,133.0
993,108.0,133.0,134.0,133.0
994,108.0,133.0,133.0,133.0
995,107.0,133.0,133.0,133.0
996,107.0,133.0,133.0,133.0
997,107.0,133.0,133.0,133.0
998,107.0,133.0,133.0,133.0
999,107.0,133.0,133.0,133.0
1000,107.0,133.0,134.0,133.0
1001,107.0,132.0,134.0,133.0
1002,107.0,132.0,134.0,133.0
1003,107.0,132.0,134.0,133.0
1004,107.0,132.0,134.0,133.0
1005,107.0,131.0,134.0,133.0
1006,107.0,132.0,133.0,133.0
1007,80.0,132.0,133.0,133.0
1008,80.0,132.0,133.0,133.0
1009,26.0,132.0,134.0,133.0
1010,26.0,132.0,134.0,133.0
1011,74.0,132.0,134.0,133.0
1012,74.0,132.0,134.0,133.0
1013,52.0,133.0,134.0,133.0
1014,52.0,133.0,133.0,133.0
1015,93.0,133.0,133.0,133.0
1016,93.0,135.0,133.0,133.0
1017,77.0,136.0,133.0,133.0
1018,77.0,136.0,133.0,133.0
1019,75.0,135.0,133.0,133.0
1020,75.0,134.0,133.0,133.0
1021,75.0,134.0,133.0,133.0
1022,75.0,133.0,133.0,132.0
1023,75.0,133.0,133.0,133.0
1024,75.0,133.0,133.0,133.0
1025,75.0,133.0,133.0,133.0
1026,75.0,133.0,133.0,133.0
1027,75.0,133.0,134.0,133.0
1028,75.0,134.0,134.0,133.0
1029,74.0,135.0,134.0,133.0
1030,74.0,135.0,135.0,134.0
1031,74.0,135.0,135.0,134.0
1032,74.0,135.0,135.0,134.0
1033,75.0,136.0,135.0,134.0
1034,75.0,136.0,135.0,134.0
1035,75.0,136.0,134.0,134.0
1036,75.0,135.0,134.0,134.0
1037,74.0,136.0,134.0,134.0
1038,74.0,136.0,134.0,134.0
1039,74.0,135.0,134.0,134.0
1040,74.0,135.0,134.0,134.0
1041,75.0,136.0,134.0,134.0
1042,75.0,136.0,134.0,134.0
1043,71.0,136.0,135.0,134.0
1044,71.0,135.0,135.0,134.0
1045,67.0,135.0,135.0,134.0
1046,67.0,134.0,135.0,135.0
1047,69.0,133.0,136.0,135.0
1048,69.0,133.0,136.0,135.0
1049,69.0,133.0,136.0,135.0
1050,69.0,132.0,136.0,135.0
1051,69.0,133.0,136.0,135.0
1052,69.0,133.0,136.0,135.0
1053,68.0,133.0,136.0,135.0
1054,68.0,133.0,136.0,135.0
1055,68.0,133.0,136.0,135.0
1056,68.0,133.0,136.0,135.0
1057,68.0,133.0,136.0,135.0
1058,68.0,132.0,135.0,134.0
1059,70.0,132.0,134.0,134.0
1060,70.0,131.0,134.0,134.0
1061,71.0,131.0,134.0,134.0
1062,71.0,131.0,133.0,134.0
1063,69.0,131.0,134.0,133.0
1064,69.0,131.0,134.0,133.0
1065,69.0,132.0,134.0,132.0
1066,69.0,132.0,134.0,132.0
1067,65.0,132.0,134.0,132.0
1068,65.0,132.0,133.0,131.0
1069,62.0,131.0,132.0,131.0
1070,62.0,131.0,131.0,130.0
1071,63.0,130.0,130.0,130.0
1072,63.0,130.0,129.0,130.0
1073,62.0,130.0,128.0,129.0
1074,62.0,129.0,127.0,128.0
1075,89.0,129.0,126.0,127.0
1076,89.0,129.0,125.0,127.0
1077,80.0,129.0,124.0,126.0
1078,80.0,129.0,123.0,126.0
1079,78.0,129.0,123.0,125.0
1080,78.0,129.0,123.0,124.0
1081,79.0,129.0,124.0,124.0
1082,79.0,129.0,124.0,123.0
1083,80.0,129.0,124.0,123.0
1084,80.0,129.0,125.0,123.0
1085,79.0,128.0,125.0,123.0
1086,79.0,128.0,125.0,123.0
1087,78.0,127.0,125.0,123.0
1088,78.0,127.0,126.0,123.0
1089,78.0,127.0,126.0,123.0
1090,78.0,126.0,125.0,123.0
1091,78.0,126.0,124.0,123.0
1092,78.0,122.0,123.0,123.0
1093,78.0,119.0,121.0,123.0
1094,78.0,118.0,121.0,122.0
1095,78.0,117.0,121.0,122.0
1096,78.0,114.0,121.0,122.0
1097,77.0,112.0,121.0,121.0
1098,77.0,110.0,121.0,121.0
1099,76.0,109.0,121.0,121.0
1100,76.0,110.0,121.0,121.0
1101,76.0,110.0,121.0,120.0
1102,76.0,111.0,121.0,120.0
1103,74.0,112.0,121.0,119.0
1104,74.0,113.0,120.0,119.0
1105,70.0,114.0,119.0,118.0
1106,70.0,114.0,119.0,118.0
1107,68.0,114.0,119.0,117.0
1108,68.0,114.0,118.0,117.0
1109,67.0,114.0,117.0,116.0
1110,67.0,114.0,116.0,116.0
1111,66.0,113.0,115.0,115.0
1112,66.0,112.0,114.0,114.0
1113,56.0,110.0,113.0,114.0
1114,56.0,111.0,113.0,114.0
1115,57.0,110.0,113.0,114.0
1116,57.0,107.0,113.0,114.0
1117,55.0,107.0,113.0,114.0
1118,55.0,108.0,114.0,114.0
1119,53.0,109.0,115.0,114.0
1120,53.0,111.0,115.0,114.0
1121,68.0,113.0,115.0,114.0
1122,68.0,116.0,115.0,114.0
1123,100.0,118.0,115.0,115.0
1124,100.0,121.0,115.0,115.0
1125,110.0,120.0,116.0,116.0
1126,110.0,121.0,116.0,117.0
1127,114.0,122.0,118.0,117.0
1128,114.0,122.0,119.0,118.0
1129,115.0,124.0,120.0,119.0
1130,115.0,125.0,121.0,119.0
1131,117.0,127.0,121.0,120.0
1132,117.0,128.0,122.0,120.0
1133,119.0,129.0,122.0,122.0
1134,119.0,133.0,123.0,122.0
1135,121.0,132.0,123.0,122.0
1136,121.0,130.0,123.0,123.0
1137,123.0,130.0,124.0,123.0
1138,123.0,133.0,124.0,124.0
1139,123.0,133.0,125.0,124.0
1140,123.0,132.0,126.0,125.0
1141,125.0,132.0,127.0,125.0
1142,125.0,132.0,127.0,126.0
1143,126.0,132.0,128.0,127.0
1144,126.0,132.0,128.0,127.0
1145,127.0,132.0,129.0,128.0
1146,127.0,133.0,129.0,128.0
1147,128.0,133.0,130.0,128.0
1148,128.0,133.0,130.0,129.0
1149,127.0,133.0,130.0,129.0
1150,127.0,133.0,130.0,130.0
1151,127.0,133.0,131.0,130.0
1152,127.0,134.0,132.0,131.0
1153,129.0,135.0,132.0,132.0
1154,129.0,135.0,132.0,132.0
1155,130.0,136.0,133.0,133.0
1156,130.0,136.0,135.0,134.0
1157,132.0,136.0,135.0,135.0
1158,132.0,137.0,136.0,135.0
1159,134.0,137.0,137.0,136.0
1160,134.0,137.0,137.0,137.0
1161,136.0,138.0,138.0,138.0
1162,136.0,138.0,141.0,139.0
1163,138.0,139.0,142.0,140.0
1164,138.0,139.0,143.0,141.0
1165,140.0,139.0,144.0,142.0
1166,140.0,136.0,145.0,142.0
1167,138.0,135.0,145.0,143.0
1168,138.0,135.0,146.0,144.0
1169,142.0,139.0,147.0,145.0
1170,142.0,143.0,148.0,146.0
1171,142.0,144.0,148.0,146.0
1172,143.0,144.0,149.0,147.0
1173,143.0,145.0,149.0,148.0
1174,146.0,146.0,150.0,148.0
1175,146.0,146.0,150.0,149.0
1176,147.0,147.0,150.0,149.0
1177,147.0,147.0,151.0,149.0
1178,148.0,149.0,151.0,150.0
1179,148.0,147.0,151.0,150.0
1180,150.0,147.0,151.0,150.0
1181,150.0,147.0,151.0,150.0
1182,150.0,147.0,151.0,151.0
1183,150.0,149.0,151.0,151.0
1184,150.0,152.0,152.0,151.0
1185,150.0,154.0,152.0,151.0
1186,150.0,156.0,152.0,152.0
1187,150.0,156.0,152.0,152.0
1188,150.0,157.0,153.0,152.0
1189,150.0,157.0,153.0,152.0
1190,151.0,156.0,153.0,153.0
1191,151.0,156.0,154.0,153.0
1192,151.0,156.0,154.0,153.0
1193,151.0,156.0,154.0,153.0
1194,151.0,156.0,154.0,154.0
1195,151.0,157.0,155.0,154.0
1196,150.0,158.0,155.0,154.0
1197,150.0,159.0,155.0,154.0
1198,152.0,159.0,156.0,154.0
1199,152.0,159.0,156.0,155.0
1200,151.0,161.0,156.0,155.0
1201,151.0,161.0,156.0,155.0
1202,153.0,160.0,156.0,155.0
1203,153.0,160.0,156.0,156.0
1204,152.0,160.0,156.0,156.0
1205,152.0,160.0,156.0,156.0
1206,155.0,160.0,157.0,156.0
1207,155.0,160.0,157.0,157.0
1208,156.0,160.0,157.0,157.0
1209,156.0,161.0,158.0,157.0
1210,156.0,161.0,158.0,157.0
1211,156.0,161.0,158.0,157.0
1212,157.0,161.0,159.0,158.0
1213,157.0,162.0,158.0,158.0
1214,157.0,162.0,159.0,158.0
1215,157.0,162.0,159.0,158.0
1216,157.0,162.0,159.0,158.0
1217,157.0,162.0,159.0,159.0
1218,158.0,162.0,159.0,159.0
1219,158.0,162.0,159.0,159.0
1220,159.0,162.0,159.0,159.0
1221,159.0,162.0,159.0,159.0
1222,159.0,162.0,160.0,160.0
1223,159.0,162.0,160.0,160.0
1224,160.0,160.0,160.0,160.0
1225,160.0,157.0,160.0,160.0
1226,160.0,157.0,161.0,160.0
1227,160.0,161.0,161.0,160.0
1228,161.0,163.0,161.0,161.0
1229,161.0,164.0,161.0,161.0
1230,161.0,163.0,161.0,161.0
1231,161.0,162.0,161.0,161.0
1232,161.0,161.0,161.0,161.0
1233,161.0,160.0,162.0,161.0
1234,161.0,160.0,162.0,161.0
1235,161.0,160.0,162.0,161.0
1236,162.0,160.0,162.0,161.0
1237,162.0,161.0,162.0,161.0
1238,162.0,161.0,162.0,161.0
1239,162.0,162.0,162.0,161.0
1240,161.0,162.0,161.0,161.0
1241,161.0,162.0,162.0,161.0
1242,161.0,162.0,161.0,161.0
1243,161.0,162.0,161.0,161.0
1244,161.0,162.0,161.0,161.0
1245,161.0,163.0,161.0,161.0
1246,159.0,162.0,161.0,161.0
1247,159.0,162.0,161.0,161.0
1248,160.0,163.0,161.0,161.0
1249,160.0,163.0,161.0,161.0
1250,160.0,163.0,161.0,161.0
1251,160.0,163.0,161.0,161.0
1252,159.0,163.0,162.0,161.0
1253,159.0,163.0,162.0,161.0
1254,160.0,163.0,162.0,161.0
1255,160.0,163.0,162.0,161.0
1256,161.0,163.0,162.0,161.0
1257,161.0,163.0,162.0,161.0
1258,162.0,163.0,162.0,161.0
1259,162.0,163.0,162.0,162.0
1260,162.0,163.0,162.0,162.0
1261,162.0,165.0,162.0,162.0
1262,162.0,165.0,162.0,162.0
1263,162.0,165.0,162.0,162.0
1264,162.0,165.0,162.0,162.0
1265,162.0,164.0,163.0,162.0
1266,162.0,164.0,163.0,163.0
1267,162.0,164.0,163.0,163.0
1268,162.0,164.0,163.0,163.0
1269,162.0,164.0,163.0,163.0
1270,162.0,163.0,164.0,163.0
1271,162.0,163.0,164.0,163.0
1272,162.0,163.0,164.0,163.0
1273,162.0,163.0,164.0,164.0
1274,162.0,163.0,164.0,164.0
1275,162.0,164.0,164.0,164.0
1276,163.0,164.0,164.0,164.0
1277,163.0,165.0,164.0,164.0
1278,163.0,165.0,164.0,164.0
1279,163.0,164.0,164.0,164.0
1280,163.0,164.0,164.0,164.0
1281,163.0,164.0,164.0,164.0
1282,163.0,164.0,164.0,163.0
1283,163.0,165.0,164.0,164.0
1284,164.0,165.0,164.0,164.0
1285,164.0,166.0,164.0,164.0
1286,163.0,167.0,164.0,164.0
1287,163.0,167.0,165.0,164.0
1288,163.0,168.0,165.0,164.0
1289,163.0,168.0,165.0,164.0
1290,164.0,169.0,164.0,164.0
1291,164.0,169.0,164.0,164.0
1292,165.0,168.0,164.0,164.0
1293,165.0,168.0,164.0,164.0
1294,165.0,168.0,164.0,164.0
1295,165.0,168.0,164.0,165.0
1296,164.0,167.0,165.0,165.0
1297,164.0,167.0,165.0,165.0
1298,164.0,166.0,165.0,165.0
1299,164.0,165.0,165.0,166.0
1300,164.0,165.0,166.0,166.0
1301,164.0,164.0,166.0,166.0
1302,164.0,164.0,167.0,166.0
1303,164.0,163.0,167.0,166.0
1304,164.0,163.0,167.0,166.0
1305,164.0,162.0,168.0,166.0
1306,165.0,161.0,168.0,166.0
1307,165.0,161.0,168.0,166.0
1308,166.0,160.0,168.0,166.0
1309,166.0,159.0,168.0,166.0
1310,168.0,159.0,167.0,166.0
1311,168.0,159.0,167.0,166.0
1312,168.0,159.0,166.0,166.0
1313,168.0,158.0,165.0,164.0
1314,165.0,158.0,163.0,163.0
1315,165.0,157.0,161.0,162.0
1316,161.0,156.0,160.0,161.0
1317,161.0,156.0,158.0,160.0
1318,161.0,155.0,158.0,159.0
1319,161.0,154.0,156.0,158.0
1320,159.0,154.0,155.0,156.0
1321,159.0,153.0,154.0,155.0
1322,157.0,153.0,153.0,154.0
1323,157.0,153.0,152.0,152.0
1324,154.0,153.0,152.0,151.0
1325,154.0,153.0,150.0,151.0
1326,153.0,153.0,150.0,150.0
1327,153.0,153.0,149.0,149.0
1328,152.0,153.0,148.0,148.0
1329,152.0,153.0,147.0,148.0
1330,148.0,152.0,146.0,147.0
1331,148.0,152.0,146.0,146.0
1332,147.0,152.0,144.0,145.0
1333,147.0,152.0,143.0,144.0
1334,145.0,152.0,142.0,143.0
1335,145.0,152.0,142.0,143.0
1336,143.0,151.0,141.0,142.0
1337,143.0,151.0,141.0,142.0
1338,141.0,151.0,141.0,141.0
1339,141.0,151.0,140.0,140.0
1340,141.0,151.0,140.0,140.0
1341,141.0,151.0,139.0,139.0
1342,140.0,152.0,139.0,139.0
1343,140.0,152.0,138.0,138.0
1344,138.0,152.0,138.0,138.0
1345,138.0,152.0,137.0,137.0
1346,136.0,152.0,136.0,137.0
1347,136.0,152.0,136.0,137.0
1348,136.0,152.0,137.0,136.0
1349,136.0,152.0,137.0,136.0
1350,135.0,154.0,138.0,136.0
1351,135.0,154.0,138.0,135.0
1352,135.0,154.0,137.0,135.0
1353,135.0,154.0,134.0,134.0
1354,135.0,152.0,132.0,133.0
1355,135.0,149.0,129.0,132.0
1356,135.0,147.0,127.0,130.0
1357,135.0,145.0,126.0,129.0
1358,131.0,142.0,126.0,128.0
1359,131.0,141.0,126.0,127.0
1360,125.0,141.0,125.0,126.0
1361,125.0,140.0,125.0,125.0
1362,124.0,140.0,125.0,124.0
1363,124.0,140.0,124.0,123.0
1364,124.0,141.0,124.0,122.0
1365,124.0,141.0,123.0,122.0
1366,124.0,141.0,122.0,122.0
1367,124.0,140.0,121.0,121.0
1368,122.0,140.0,121.0,121.0
1369,122.0,140.0,121.0,121.0
1370,122.0,141.0,121.0,120.0
1371,122.0,141.0,122.0,120.0
1372,122.0,142.0,121.0,120.0
1373,122.0,144.0,120.0,118.0
1374,122.0,145.0,119.0,117.0
1375,122.0,146.0,117.0,116.0
1376,120.0,146.0,115.0,115.0
1377,120.0,147.0,114.0,114.0
1378,116.0,147.0,113.0,113.0
1379,116.0,147.0,112.0,113.0
1380,112.0,147.0,111.0,112.0
1381,112.0,147.0,110.0,111.0
1382,110.0,147.0,110.0,110.0
1383,110.0,147.0,110.0,109.0
1384,108.0,147.0,110.0,109.0
1385,108.0,147.0,109.0,109.0
1386,108.0,146.0,109.0,109.0
1387,108.0,146.0,108.0,109.0
1388,108.0,146.0,108.0,109.0
1389,108.0,146.0,108.0,109.0
1390,108.0,144.0,108.0,109.0
1391,108.0,143.0,109.0,109.0
1392,108.0,142.0,110.0,109.0
1393,108.0,139.0,110.0,109.0
1394,108.0,137.0,111.0,109.0
1395,108.0,131.0,111.0,109.0
1396,109.0,127.0,110.0,109.0
1397,109.0,128.0,110.0,109.0
1398,109.0,123.0,110.0,109.0
1399,109.0,120.0,109.0,109.0
1400,109.0,117.0,109.0,109.0
1401,109.0,115.0,109.0,109.0
1402,108.0,115.0,109.0,109.0
1403,108.0,116.0,110.0,110.0
1404,108.0,116.0,111.0,110.0
1405,108.0,115.0,111.0,110.0
1406,109.0,115.0,112.0,111.0
1407,109.0,116.0,112.0,111.0
1408,111.0,116.0,112.0,112.0
1409,111.0,114.0,113.0,112.0
1410,112.0,113.0,114.0,112.0
1411,112.0,112.0,114.0,113.0
1412,112.0,111.0,115.0,113.0
1413,112.0,110.0,114.0,113.0
1414,113.0,111.0,113.0,113.0
1415,113.0,111.0,113.0,113.0
1416,112.0,112.0,113.0,113.0
1417,112.0,113.0,114.0,113.0
1418,111.0,112.0,114.0,113.0
1419,111.0,113.0,113.0,113.0
1420,112.0,114.0,113.0,113.0
1421,112.0,113.0,112.0,113.0
1422,111.0,115.0,113.0,113.0
1423,111.0,116.0,113.0,113.0
1424,113.0,116.0,114.0,113.0
1425,113.0,118.0,115.0,113.0
1426,114.0,119.0,114.0,113.0
1427,114.0,120.0,114.0,113.0
1428,115.0,121.0,114.0,113.0
1429,115.0,120.0,114.0,114.0
1430,116.0,120.0,113.0,114.0
1431,116.0,119.0,114.0,114.0
1432,114.0,119.0,114.0,114.0
1433,114.0,119.0,115.0,114.0
1434,114.0,118.0,116.0,115.0
1435,114.0,119.0,117.0,115.0
1436,116.0,119.0,117.0,115.0
1437,116.0,119.0,118.0,116.0
1438,116.0,120.0,118.0,116.0
1439,116.0,120.0,118.0,116.0
1440,117.0,120.0,118.0,117.0
1441,117.0,121.0,118.0,117.0
1442,117.0,120.0,118.0,117.0
1443,117.0,122.0,117.0,118.0
1444,117.0,122.0,117.0,118.0
1445,117.0,122.0,117.0,118.0
1446,116.0,122.0,117.0,118.0
1447,116.0,122.0,117.0,118.0
1448,116.0,122.0,118.0,118.0
1449,116.0,122.0,119.0,118.0
1450,116.0,122.0,119.0,119.0
1451,116.0,122.0,119.0,119.0
1452,116.0,122.0,119.0,119.0
1453,116.0,122.0,120.0,119.0
1454,115.0,122.0,120.0,119.0
1455,115.0,122.0,121.0,120.0
1456,116.0,122.0,121.0,120.0
1457,116.0,122.0,121.0,120.0
1458,120.0,122.0,121.0,120.0
1459,120.0,123.0,121.0,121.0
1460,120.0,123.0,121.0,121.0
1461,120.0,123.0,122.0,121.0
1462,120.0,123.0,122.0,121.0
1463,120.0,123.0,122.0,122.0
1464,120.0,123.0,122.0,122.0
1465,120.0,123.0,122.0,122.0
1466,120.0,123.0,123.0,122.0
1467,120.0,123.0,122.0,122.0
1468,122.0,123.0,123.0,122.0
1469,122.0,123.0,123.0,123.0
1470,122.0,123.0,123.0,123.0
1471,122.0,123.0,123.0,123.0
1472,121.0,123.0,124.0,123.0
1473,121.0,123.0,125.0,123.0
1474,125.0,123.0,125.0,123.0
1475,125.0,123.0,125.0,123.0
1476,125.0,124.0,124.0,123.0
1477,125.0,124.0,124.0,123.0
1478,124.0,124.0,124.0,123.0
1479,124.0,124.0,123.0,123.0
1480,125.0,124.0,123.0,123.0
1481,125.0,124.0,123.0,122.0
1482,124.0,124.0,123.0,122.0
1483,124.0,124.0,122.0,122.0
1484,124.0,124.0,122.0,122.0
1485,124.0,124.0,122.0,122.0
1486,124.0,124.0,121.0,122.0
1487,124.0,124.0,121.0,121.0
1488,120.0,124.0,121.0,121.0
1489,120.0,125.0,121.0,121.0
1490,116.0,125.0,121.0,121.0
1491,116.0,125.0,121.0,121.0
1492,117.0,125.0,121.0,121.0
1493,117.0,125.0,121.0,121.0
1494,117.0,125.0,122.0,121.0
1495,117.0,125.0,122.0,122.0
1496,116.0,125.0,122.0,122.0
1497,116.0,125.0,123.0,122.0
1498,119.0,125.0,124.0,123.0
1499,119.0,125.0,124.0,123.0
1500,122.0,125.0,124.0,124.0
1501,122.0,125.0,125.0,124.0
1502,123.0,126.0,125.0,124.0
1503,123.0,126.0,126.0,125.0
1504,125.0,126.0,126.0,124.0
1505,125.0,126.0,126.0,124.0
1506,127.0,126.0,126.0,124.0
1507,127.0,126.0,126.0,124.0
1508,127.0,125.0,125.0,124.0
1509,127.0,125.0,124.0,124.0
1510,126.0,125.0,124.0,124.0
1511,126.0,125.0,124.0,124.0
1512,124.0,125.0,123.0,123.0
1513,124.0,124.0,123.0,123.0
1514,123.0,124.0,123.0,123.0
1515,123.0,124.0,123.0,123.0
1516,122.0,124.0,123.0,123.0
1517,122.0,124.0,123.0,123.0
1518,122.0,124.0,123.0,122.0
1519,122.0,124.0,122.0,122.0
1520,122.0,124.0,122.0,122.0
1521,122.0,124.0,122.0,122.0
1522,123.0,123.0,122.0,122.0
1523,123.0,123.0,122.0,122.0
1524,122.0,123.0,122.0,122.0
1525,122.0,123.0,122.0,122.0
1526,121.0,123.0,122.0,122.0
1527,121.0,122.0,122.0,122.0
1528,121.0,121.0,122.0,122.0
1529,121.0,121.0,123.0,122.0
1530,120.0,120.0,123.0,122.0
1531,120.0,120.0,123.0,122.0
1532,121.0,119.0,122.0,122.0
1533,121.0,119.0,122.0,122.0
1534,122.0,119.0,122.0,122.0
1535,122.0,119.0,122.0,122.0
1536,122.0,119.0,122.0,122.0
1537,122.0,120.0,122.0,122.0
1538,123.0,120.0,122.0,122.0
1539,123.0,120.0,122.0,122.0
1540,123.0,120.0,122.0,122.0
1541,123.0,120.0,122.0,122.0
1542,121.0,120.0,122.0,122.0
1543,121.0,120.0,123.0,122.0
1544,121.0,119.0,123.0,122.0
1545,121.0,119.0,123.0,122.0
1546,121.0,120.0,122.0,121.0
1547,121.0,120.0,122.0,121.0
1548,122.0,120.0,122.0,121.0
1549,122.0,121.0,122.0,121.0
1550,122.0,121.0,122.0,121.0
1551,122.0,121.0,121.0,121.0
1552,122.0,121.0,121.0,121.0
1553,122.0,121.0,121.0,121.0
1554,120.0,121.0,121.0,121.0
1555,120.0,121.0,121.0,121.0
1556,121.0,122.0,121.0,121.0
1557,121.0,121.0,120.0,121.0
1558,121.0,120.0,120.0,120.0
1559,121.0,121.0,120.0,120.0
1560,119.0,121.0,120.0,120.0
1561,119.0,121.0,121.0,120.0
1562,118.0,118.0,121.0,120.0
1563,118.0,119.0,121.0,120.0
1564,118.0,120.0,121.0,120.0
1565,118.0,120.0,121.0,120.0
1566,120.0,120.0,121.0,120.0
1567,120.0,121.0,122.0,120.0
1568,121.0,121.0,122.0,120.0
1569,121.0,122.0,122.0,120.0
1570,121.0,123.0,121.0,120.0
1571,121.0,123.0,121.0,120.0
1572,122.0,124.0,120.0,120.0
1573,122.0,124.0,119.0,120.0
1574,121.0,125.0,119.0,120.0
1575,121.0,125.0,119.0,120.0
1576,119.0,125.0,119.0,121.0
1577,119.0,125.0,119.0,121.0
1578,112.0,125.0,120.0,121.0
1579,112.0,125.0,121.0,121.0
1580,115.0,125.0,122.0,121.0
1581,115.0,125.0,122.0,121.0
1582,113.0,125.0,123.0,122.0
1583,113.0,125.0,124.0,121.0
1584,113.0,125.0,124.0,120.0
1585,113.0,125.0,124.0,120.0
1586,112.0,125.0,124.0,119.0
1587,112.0,125.0,123.0,118.0
1588,111.0,125.0,123.0,117.0
1589,111.0,125.0,123.0,117.0
1590,110.0,125.0,120.0,116.0
1591,110.0,125.0,118.0,115.0
1592,109.0,125.0,117.0,114.0
1593,109.0,124.0,118.0,114.0
1594,109.0,124.0,118.0,114.0
1595,109.0,124.0,117.0,115.0
1596,112.0,124.0,117.0,115.0
1597,112.0,124.0,117.0,115.0
1598,117.0,124.0,117.0,116.0
1599,117.0,124.0,117.0,116.0
1600,119.0,124.0,118.0,116.0
1601,119.0,124.0,118.0,117.0
1602,118.0,124.0,118.0,117.0
1603,118.0,123.0,118.0,118.0
1604,120.0,123.0,119.0,118.0
1605,120.0,123.0,120.0,118.0
1606,120.0,124.0,120.0,119.0
1607,120.0,124.0,120.0,119.0
1608,122.0,125.0,120.0,119.0
1609,122.0,125.0,120.0,119.0
1610,122.0,125.0,121.0,119.0
1611,122.0,125.0,121.0,120.0
1612,121.0,125.0,121.0,120.0
1613,121.0,124.0,121.0,119.0
1614,121.0,124.0,120.0,118.0
1615,121.0,123.0,119.0,117.0
1616,122.0,123.0,118.0,116.0
1617,122.0,123.0,117.0,116.0
1618,119.0,122.0,117.0,115.0
1619,119.0,122.0,116.0,114.0
1620,118.0,121.0,116.0,113.0
1621,118.0,121.0,115.0,112.0
1622,118.0,121.0,115.0,111.0
1623,118.0,121.0,115.0,109.0
1624,117.0,120.0,113.0,108.0
1625,117.0,120.0,110.0,107.0
1626,115.0,120.0,108.0,106.0
1627,115.0,119.0,106.0,105.0
1628,115.0,119.0,102.0,104.0
1629,115.0,118.0,101.0,104.0
1630,114.0,117.0,101.0,103.0
1631,114.0,116.0,102.0,102.0
1632,113.0,115.0,104.0,101.0
1633,113.0,114.0,107.0,103.0
1634,112.0,114.0,110.0,106.0
1635,112.0,115.0,113.0,108.0
1636,112.0,118.0,117.0,111.0
1637,112.0,120.0,120.0,114.0
1638,111.0,121.0,123.0,117.0
1639,111.0,123.0,126.0,120.0
1640,105.0,125.0,130.0,123.0
1641,105.0,126.0,132.0,126.0
1642,107.0,126.0,133.0,129.0
1643,107.0,128.0,135.0,133.0
1644,106.0,129.0,136.0,133.0
1645,106.0,131.0,137.0,134.0
1646,105.0,133.0,138.0,135.0
1647,105.0,134.0,139.0,136.0
1648,105.0,135.0,139.0,136.0
1649,105.0,136.0,140.0,137.0
1650,104.0,136.0,140.0,138.0
1651,104.0,137.0,140.0,139.0
1652,104.0,134.0,140.0,139.0
1653,104.0,134.0,141.0,140.0
1654,103.0,134.0,141.0,140.0
1655,103.0,135.0,141.0,141.0
1656,103.0,135.0,141.0,141.0
1657,103.0,136.0,142.0,141.0
1658,103.0,136.0,143.0,141.0
1659,103.0,137.0,143.0,141.0
1660,103.0,137.0,143.0,141.0
1661,103.0,138.0,143.0,141.0
1662,77.0,138.0,142.0,141.0
1663,77.0,138.0,141.0,141.0
1664,47.0,138.0,140.0,140.0
1665,47.0,138.0,139.0,140.0
1666,66.0,138.0,138.0,139.0
1667,66.0,138.0,137.0,138.0
1668,79.0,137.0,136.0,138.0
1669,79.0,137.0,136.0,137.0
1670,107.0,137.0,135.0,136.0
1671,107.0,137.0,135.0,136.0
1672,100.0,137.0,134.0,135.0
1673,100.0,137.0,134.0,134.0
1674,96.0,137.0,134.0,134.0
1675,96.0,137.0,134.0,134.0
1676,99.0,137.0,134.0,134.0
1677,99.0,137.0,134.0,134.0
1678,116.0,137.0,134.0,134.0
1679,116.0,137.0,134.0,134.0
1680,124.0,138.0,134.0,134.0
1681,124.0,139.0,135.0,134.0
1682,129.0,139.0,135.0,134.0
1683,129.0,140.0,135.0,134.0
1684,132.0,142.0,135.0,135.0
1685,132.0,143.0,136.0,135.0
1686,133.0,143.0,136.0,135.0
1687,133.0,143.0,137.0,136.0
1688,134.0,144.0,137.0,136.0
1689,134.0,145.0,137.0,136.0
1690,136.0,146.0,138.0,137.0
1691,136.0,147.0,138.0,137.0
1692,135.0,148.0,138.0,137.0
1693,135.0,148.0,139.0,138.0
1694,134.0,150.0,139.0,139.0
1695,134.0,150.0,140.0,139.0
1696,135.0,150.0,140.0,140.0
1697,135.0,150.0,141.0,140.0
1698,138.0,150.0,141.0,141.0
1699,138.0,150.0,142.0,141.0
1700,141.0,151.0,142.0,142.0
1701,141.0,152.0,143.0,142.0
1702,141.0,152.0,144.0,142.0
1703,141.0,152.0,145.0,143.0
1704,142.0,152.0,145.0,144.0
1705,142.0,152.0,146.0,145.0
1706,144.0,152.0,146.0,145.0
1707,144.0,153.0,147.0,146.0
1708,146.0,153.0,147.0,146.0
1709,146.0,155.0,148.0,147.0
1710,147.0,157.0,148.0,147.0
1711,147.0,156.0,149.0,148.0
1712,149.0,156.0,149.0,148.0
1713,149.0,157.0,150.0,149.0
1714,149.0,158.0,151.0,150.0
1715,149.0,157.0,152.0,150.0
1716,148.0,157.0,152.0,151.0
1717,148.0,157.0,153.0,151.0
1718,147.0,157.0,153.0,152.0
1719,147.0,158.0,154.0,152.0
1720,147.0,158.0,154.0,153.0
1721,147.0,157.0,155.0,153.0
1722,147.0,158.0,155.0,154.0
1723,147.0,158.0,156.0,155.0
1724,147.0,157.0,156.0,155.0
1725,147.0,156.0,157.0,155.0
1726,141.0,157.0,156.0,155.0
1727,141.0,158.0,157.0,156.0
1728,134.0,157.0,157.0,156.0
1729,134.0,158.0,158.0,156.0
1730,136.0,161.0,157.0,156.0
1731,136.0,163.0,158.0,157.0
1732,133.0,161.0,157.0,157.0
1733,133.0,163.0,158.0,157.0
1734,126.0,163.0,158.0,157.0
1735,126.0,162.0,157.0,157.0
1736,121.0,161.0,158.0,157.0
1737,121.0,161.0,158.0,158.0
1738,126.0,161.0,158.0,158.0
1739,126.0,162.0,158.0,158.0
1740,129.0,162.0,158.0,158.0
1741,129.0,162.0,159.0,158.0
1742,127.0,162.0,159.0,158.0
1743,127.0,161.0,159.0,158.0
1744,125.0,161.0,159.0,158.0
1745,125.0,161.0,160.0,158.0
1746,141.0,161.0,160.0,158.0
1747,141.0,160.0,160.0,159.0
1748,136.0,160.0,160.0,159.0
1749,136.0,160.0,160.0,159.0
1750,134.0,160.0,160.0,159.0
1751,134.0,159.0,160.0,159.0
1752,129.0,159.0,159.0,159.0
1753,129.0,158.0,158.0,158.0
1754,132.0,157.0,156.0,156.0
1755,132.0,156.0,155.0,155.0
1756,131.0,155.0,154.0,154.0
1757,131.0,154.0,153.0,153.0
1758,131.0,153.0,152.0,152.0
1759,131.0,152.0,150.0,151.0
1760,131.0,150.0,148.0,149.0
1761,131.0,149.0,147.0,148.0
1762,130.0,148.0,145.0,147.0
1763,130.0,147.0,144.0,145.0
1764,140.0,143.0,143.0,144.0
1765,140.0,138.0,141.0,142.0
1766,141.0,133.0,139.0,141.0
1767,141.0,131.0,138.0,140.0
1768,139.0,132.0,137.0,139.0
1769,139.0,133.0,136.0,138.0
1770,136.0,134.0,135.0,137.0
1771,136.0,136.0,134.0,136.0
1772,134.0,136.0,134.0,135.0
1773,134.0,136.0,134.0,133.0
1774,134.0,136.0,134.0,133.0
1775,134.0,135.0,134.0,133.0
1776,134.0,135.0,134.0,133.0
1777,134.0,135.0,134.0,133.0
1778,134.0,135.0,134.0,133.0
1779,134.0,134.0,134.0,133.0
1780,133.0,134.0,134.0,133.0
1781,133.0,134.0,133.0,133.0
1782,132.0,133.0,133.0,132.0
1783,132.0,133.0,132.0,132.0
1784,131.0,133.0,131.0,132.0
1785,131.0,132.0,130.0,131.0
1786,131.0,132.0,130.0,131.0
1787,131.0,131.0,129.0,131.0
1788,130.0,131.0,129.0,130.0
1789,130.0,131.0,129.0,130.0
1790,128.0,131.0,129.0,130.0
1791,128.0,131.0,129.0,129.0
1792,127.0,130.0,130.0,129.0
1793,127.0,130.0,130.0,128.0
1794,126.0,129.0,130.0,128.0
1795,126.0,129.0,130.0,127.0
1796,125.0,128.0,129.0,127.0
1797,125.0,128.0,128.0,126.0
1798,128.0,127.0,127.0,126.0
1799,128.0,124.0,126.0,125.0
